{"num_eval_tasks": 400, "metrics": {"independent_solved_by": [0.0, 0.035, 0.07, 0.1025, 0.1125, 0.1425, 0.1725, 0.1925, 0.205, 0.2275, 0.24, 0.2525, 0.275, 0.2875, 0.2975, 0.2975, 0.3025, 0.315, 0.335, 0.3425, 0.3425, 0.345, 0.3475, 0.3525, 0.355, 0.365, 0.3725, 0.3825, 0.39, 0.3925, 0.4, 0.405, 0.405, 0.4075, 0.41, 0.4175, 0.4175, 0.4175, 0.4225, 0.4225, 0.4225, 0.425, 0.4375, 0.4425, 0.45, 0.4525, 0.455, 0.4575, 0.4575, 0.4575, 0.4575, 0.4575, 0.4575, 0.4575, 0.4575, 0.4575, 0.46, 0.46, 0.46, 0.46, 0.46, 0.465, 0.4675, 0.47, 0.47, 0.4725, 0.4725, 0.4725, 0.4725, 0.4725, 0.4725, 0.4725, 0.475, 0.4775, 0.4775, 0.4775, 0.4775, 0.4775, 0.4775, 0.4775, 0.4775, 0.4775, 0.4775, 0.4775, 0.4775, 0.4775, 0.4775, 0.48, 0.48, 0.48, 0.4825, 0.4825, 0.4825, 0.4825, 0.4825, 0.4825, 0.4825, 0.4825, 0.4825, 0.4825, 0.4825], "independent_solved_by_aucs": [0.0, 0.035, 0.047917458624998986, 0.05924435936328121, 0.06662808798516885, 0.07434847978610498, 0.08212382520706189, 0.08921163413905157, 0.09541851229136512, 0.1014622297184329, 0.10696875035134491, 0.1120646658973198, 0.11714928297926404, 0.12193294040559956, 0.12640585437706447, 0.1303884728755197, 0.13407128633680054, 0.13764923379730926, 0.14127308459524973, 0.14471851645231937, 0.14788807465047835, 0.1508545980766193, 0.15364243122666515, 0.15630547656920604, 0.1588253335590384, 0.16130724818544323, 0.16372559716481622, 0.166113298643435, 0.16844647049273614, 0.1706797317405727, 0.17286942276683115, 0.1749959101486918, 0.17702010349603678, 0.17897126753869352, 0.18085489574757196, 0.1827152180260803, 0.18449672132709405, 0.18620493901150215, 0.18788032480727515, 0.18949058503934682, 0.1910399318973543, 0.1925483222539994, 0.19408076792068316, 0.19558995192458828, 0.19709187660351063, 0.19855808634686675, 0.19999052296821376, 0.20139098044303722, 0.20274787388234108, 0.20406348031802146, 0.20533991254348247, 0.2065791340587078, 0.20778297238614932, 0.20895313096313786, 0.2100911997871403, 0.21119866496547665, 0.21228786174289865, 0.21334886561956545, 0.21438291164309464, 0.21539115982587562, 0.21637470092024258, 0.2173542611884006, 0.218320297166388, 0.21927332751670434, 0.22020455714356646, 0.22112394403334928, 0.22202297819450895, 0.22290242642035363, 0.2237630152857351, 0.22460543382777728, 0.22543033601116222, 0.22623834299814685, 0.22703808244709542, 0.2278298217980705, 0.22860604347840965, 0.2293672671862218, 0.23011398832307411, 0.23084667944070233, 0.2315657915836518, 0.23227175553658794, 0.23296498298417803, 0.2336458675906997, 0.23431478600586497, 0.2349720988027494, 0.23561815135318137, 0.2362532746454641, 0.23687778604887055, 0.23749837144289948, 0.23810883759015242, 0.23870946803180323, 0.23930665919641325, 0.2398944525284792, 0.240473102423334, 0.24104285362101407, 0.24160394167465352, 0.24215659339134102, 0.24270102724733472, 0.2432374537793813, 0.24376607595374902, 0.24428708951446165, 0.24480068331210517], "global_solved_by": {"100": 0.0025, "1000": 0.025, "100000": 0.4825}, "total_attempts": 80.33, "total_solved": 0.4825}, "args": ["agents/train.py", "--output-dir=results/ball_cross_template/0", "--eval-setup-name=ball_cross_template", "--fold-id=0", "--mem-rerank-size", "100", "--agent-type=memoize"], "parsed_args": {"agent_kwargs": {"simulation_cache_size": null, "max_train_actions": null, "tier": "ball", "oracle_rank_size": null, "mem_test_simulation_weight": 0.0, "mem_rerank_size": 100, "mem_scoring_type": "relative", "mem_template_aware": 1, "dqn_train_batch_size": 32, "dqn_updates": 1000, "dqn_save_checkpoints_every": -1, "dqn_negative_sampling_prob": 1.0, "dqn_balance_classes": 0, "dqn_network_type": "resnet18", "dqn_num_auccess_actions": 0, "dqn_action_layers": 1, "dqn_action_hidden_size": 256, "dqn_eval_every": 1000, "dqn_cosine_scheduler": 0, "dqn_fusion_place": "last", "dqn_learning_rate": 0.0003, "dqn_eval_batch_size": 128, "dqn_rank_size": -1, "dqn_load_from": null, "dqn_finetune_iterations": 0, "dqn_refine_iterations": 0, "dqn_refine_loss": "ce", "dqn_refine_lr": 0.0001}, "main_kwargs": {"eval_setup_name": "ball_cross_template", "fold_id": 0, "use_test_split": 0, "agent_type": "memoize", "max_test_attempts_per_task": 100, "output_dir": "results/ball_cross_template/0"}}, "target_metric": 0.24480068331210517}